{
  "degree_centrality": {
    "user011": 0.2857142857142857,
    "user010": 0.5714285714285714,
    "user006": 0.5714285714285714,
    "user002": 0.5714285714285714,
    "user013": 0.2857142857142857,
    "user001": 0.2857142857142857,
    "user014": 0.5714285714285714,
    "user004": 0.5714285714285714,
    "user008": 0.5714285714285714,
    "user009": 0.2857142857142857,
    "user015": 0.21428571428571427,
    "user005": 0.14285714285714285,
    "user007": 0.07142857142857142,
    "user012": 0.5714285714285714,
    "user003": 0.0
  },
  "in_degree_centrality": {
    "user011": 0.5,
    "user010": 0.42857142857142855,
    "user006": 0.42857142857142855,
    "user002": 0.42857142857142855,
    "user013": 0.5714285714285714,
    "user001": 0.14285714285714285,
    "user014": 0.42857142857142855,
    "user004": 0.42857142857142855,
    "user008": 0.42857142857142855,
    "user009": 0.21428571428571427,
    "user015": 0.2857142857142857,
    "user005": 0.2857142857142857,
    "user007": 0.2857142857142857,
    "user012": 0.42857142857142855,
    "user003": 0.2857142857142857
  },
  "closeness_centrality": {
    "user011": 0.35,
    "user010": 0.6363636363636364,
    "user006": 0.6363636363636364,
    "user002": 0.6363636363636364,
    "user013": 0.32142857142857145,
    "user001": 0.2976190476190476,
    "user014": 0.6363636363636364,
    "user004": 0.6363636363636364,
    "user008": 0.6363636363636364,
    "user009": 0.2857142857142857,
    "user015": 0.21428571428571427,
    "user005": 0.14285714285714285,
    "user007": 0.07142857142857142,
    "user012": 0.6363636363636364,
    "user003": 0.0
  },
  "eigenvector_centrality": {
    "user011": 7.793949697679998e-07,
    "user010": 0.37796447300911235,
    "user006": 0.37796447300911235,
    "user002": 0.37796447300911235,
    "user013": 0.0,
    "user001": 0.0,
    "user014": 0.37796447300911235,
    "user004": 0.37796447300911235,
    "user008": 0.37796447300911235,
    "user009": 0.0,
    "user015": 0.0,
    "user005": 0.0,
    "user007": 0.0,
    "user012": 0.37796447300911235,
    "user003": 0.0
  },
  "betweenness_centrality": {
    "user011": 0.1326530612244898,
    "user010": 0.0,
    "user006": 0.0,
    "user002": 0.0,
    "user013": 0.21075353218210358,
    "user001": 0.027995813710099418,
    "user014": 0.0,
    "user004": 0.0,
    "user008": 0.0,
    "user009": 0.06187859759288333,
    "user015": 0.06187859759288333,
    "user005": 0.029565672422815274,
    "user007": 0.0027472527472527475,
    "user012": 0.0,
    "user003": 0.0
  }
}